image_id,file_name,file_path,image_width_px,image_height_px,image_size_byte,origin_link,date_saved
eoqFDQ6,eoqFDQ6_raw.jpg,/home/pi/c_drive/test_dl/eoqFDQ6/eoqFDQ6_raw.jpg,1536,2048,312932,https://i.imgur.com/eoqFDQ6.jpg,2021-04-11
eoqFDQ6,eoqFDQ6_thumbnail.jpg,/home/pi/c_drive/test_dl/eoqFDQ6/eoqFDQ6_thumbnail.jpg,54,72,1817,https://i.imgur.com/eoqFDQ6.jpg,2021-04-11
BGrvvTX,BGrvvTX_raw.jpg,/home/pi/c_drive/test_dl/BGrvvTX/BGrvvTX_raw.jpg,1536,2048,361799,https://i.imgur.com/BGrvvTX.jpg,2021-04-11
BGrvvTX,BGrvvTX_thumbnail.jpg,/home/pi/c_drive/test_dl/BGrvvTX/BGrvvTX_thumbnail.jpg,54,72,2116,https://i.imgur.com/BGrvvTX.jpg,2021-04-11
0OUjjds,0OUjjds_raw.jpg,/home/pi/c_drive/test_dl/0OUjjds/0OUjjds_raw.jpg,1536,2048,337090,https://i.imgur.com/0OUjjds.jpg,2021-04-11
0OUjjds,0OUjjds_thumbnail.jpg,/home/pi/c_drive/test_dl/0OUjjds/0OUjjds_thumbnail.jpg,54,72,2529,https://i.imgur.com/0OUjjds.jpg,2021-04-11
QmW5TmY,QmW5TmY_raw.jpg,/home/pi/c_drive/test_dl/QmW5TmY/QmW5TmY_raw.jpg,1536,2048,776940,https://i.imgur.com/QmW5TmY.jpg,2021-04-11
QmW5TmY,QmW5TmY_thumbnail.jpg,/home/pi/c_drive/test_dl/QmW5TmY/QmW5TmY_thumbnail.jpg,54,72,2389,https://i.imgur.com/QmW5TmY.jpg,2021-04-11
7V1Zu3x,7V1Zu3x_raw.jpg,/home/pi/c_drive/test_dl/7V1Zu3x/7V1Zu3x_raw.jpg,1536,2048,453856,https://i.imgur.com/7V1Zu3x.jpg,2021-04-11
7V1Zu3x,7V1Zu3x_thumbnail.jpg,/home/pi/c_drive/test_dl/7V1Zu3x/7V1Zu3x_thumbnail.jpg,54,72,2103,https://i.imgur.com/7V1Zu3x.jpg,2021-04-11
pV3GtPA,pV3GtPA_raw.jpg,/home/pi/c_drive/test_dl/pV3GtPA/pV3GtPA_raw.jpg,1078,1220,114556,https://i.imgur.com/pV3GtPA.jpg,2021-04-11
pV3GtPA,pV3GtPA_thumbnail.jpg,/home/pi/c_drive/test_dl/pV3GtPA/pV3GtPA_thumbnail.jpg,63,72,2460,https://i.imgur.com/pV3GtPA.jpg,2021-04-11
hxKFsPD,hxKFsPD_raw.jpg,/home/pi/c_drive/test_dl/hxKFsPD/hxKFsPD_raw.jpg,1535,2048,406637,https://i.imgur.com/hxKFsPD.jpg,2021-04-11
hxKFsPD,hxKFsPD_thumbnail.jpg,/home/pi/c_drive/test_dl/hxKFsPD/hxKFsPD_thumbnail.jpg,53,72,2061,https://i.imgur.com/hxKFsPD.jpg,2021-04-11
IJQldam,IJQldam_raw.jpg,/home/pi/c_drive/test_dl/IJQldam/IJQldam_raw.jpg,4032,3024,1584052,https://i.imgur.com/IJQldam.jpg,2021-04-11
IJQldam,IJQldam_thumbnail.jpg,/home/pi/c_drive/test_dl/IJQldam/IJQldam_thumbnail.jpg,96,72,2756,https://i.imgur.com/IJQldam.jpg,2021-04-11
Ndaxify,Ndaxify_raw.jpg,/home/pi/c_drive/test_dl/Ndaxify/Ndaxify_raw.jpg,1536,2048,382736,https://i.imgur.com/Ndaxify.jpg,2021-04-11
Ndaxify,Ndaxify_thumbnail.jpg,/home/pi/c_drive/test_dl/Ndaxify/Ndaxify_thumbnail.jpg,54,72,2023,https://i.imgur.com/Ndaxify.jpg,2021-04-11
gQNe1lc,gQNe1lc_raw.jpg,/home/pi/c_drive/test_dl/gQNe1lc/gQNe1lc_raw.jpg,4000,3000,1487318,https://i.imgur.com/gQNe1lc.jpg,2021-04-11
gQNe1lc,gQNe1lc_thumbnail.jpg,/home/pi/c_drive/test_dl/gQNe1lc/gQNe1lc_thumbnail.jpg,96,72,3255,https://i.imgur.com/gQNe1lc.jpg,2021-04-11
2IGfspC,2IGfspC_raw.jpg,/home/pi/c_drive/test_dl/2IGfspC/2IGfspC_raw.jpg,2048,1536,366139,https://i.imgur.com/2IGfspC.jpg,2021-04-11
2IGfspC,2IGfspC_thumbnail.jpg,/home/pi/c_drive/test_dl/2IGfspC/2IGfspC_thumbnail.jpg,96,72,2937,https://i.imgur.com/2IGfspC.jpg,2021-04-11
QqqBmho,QqqBmho_raw.jpg,/home/pi/c_drive/test_dl/QqqBmho/QqqBmho_raw.jpg,628,777,60316,https://i.imgur.com/QqqBmho.jpg,2021-04-11
QqqBmho,QqqBmho_thumbnail.jpg,/home/pi/c_drive/test_dl/QqqBmho/QqqBmho_thumbnail.jpg,58,72,2230,https://i.imgur.com/QqqBmho.jpg,2021-04-11
YJQPBfR,YJQPBfR_raw.jpg,/home/pi/c_drive/test_dl/YJQPBfR/YJQPBfR_raw.jpg,1516,2048,305589,https://i.imgur.com/YJQPBfR.jpg,2021-04-11
YJQPBfR,YJQPBfR_thumbnail.jpg,/home/pi/c_drive/test_dl/YJQPBfR/YJQPBfR_thumbnail.jpg,53,72,1960,https://i.imgur.com/YJQPBfR.jpg,2021-04-11
IzEHB8T,IzEHB8T_raw.jpg,/home/pi/c_drive/test_dl/IzEHB8T/IzEHB8T_raw.jpg,3024,4032,1000644,https://i.imgur.com/IzEHB8T.jpg,2021-04-11
IzEHB8T,IzEHB8T_thumbnail.jpg,/home/pi/c_drive/test_dl/IzEHB8T/IzEHB8T_thumbnail.jpg,54,72,1825,https://i.imgur.com/IzEHB8T.jpg,2021-04-11
Ja4iq1m,Ja4iq1m_raw.jpg,/home/pi/c_drive/test_dl/Ja4iq1m/Ja4iq1m_raw.jpg,3000,4000,953854,https://i.imgur.com/Ja4iq1m.jpg,2021-04-11
Ja4iq1m,Ja4iq1m_thumbnail.jpg,/home/pi/c_drive/test_dl/Ja4iq1m/Ja4iq1m_thumbnail.jpg,53,72,1937,https://i.imgur.com/Ja4iq1m.jpg,2021-04-11
90gnvqv,90gnvqv_raw.jpg,/home/pi/c_drive/test_dl/90gnvqv/90gnvqv_raw.jpg,4032,3024,1188908,https://i.imgur.com/90gnvqv.jpg,2021-04-11
90gnvqv,90gnvqv_thumbnail.jpg,/home/pi/c_drive/test_dl/90gnvqv/90gnvqv_thumbnail.jpg,96,72,3219,https://i.imgur.com/90gnvqv.jpg,2021-04-11
5kBwPPM,5kBwPPM_raw.jpg,/home/pi/c_drive/test_dl/5kBwPPM/5kBwPPM_raw.jpg,1960,4032,1935454,https://i.imgur.com/5kBwPPM.jpg,2021-04-11
5kBwPPM,5kBwPPM_thumbnail.jpg,/home/pi/c_drive/test_dl/5kBwPPM/5kBwPPM_thumbnail.jpg,35,72,1953,https://i.imgur.com/5kBwPPM.jpg,2021-04-11
MJJfede,MJJfede_raw.jpg,/home/pi/c_drive/test_dl/MJJfede/MJJfede_raw.jpg,5339,5383,2084208,https://i.imgur.com/MJJfede.jpg,2021-04-11
MJJfede,MJJfede_thumbnail.jpg,/home/pi/c_drive/test_dl/MJJfede/MJJfede_thumbnail.jpg,71,72,2392,https://i.imgur.com/MJJfede.jpg,2021-04-11
KBiydHT,KBiydHT_raw.jpg,/home/pi/c_drive/test_dl/KBiydHT/KBiydHT_raw.jpg,1458,2592,289871,https://i.imgur.com/KBiydHT.jpg,2021-04-11
KBiydHT,KBiydHT_thumbnail.jpg,/home/pi/c_drive/test_dl/KBiydHT/KBiydHT_thumbnail.jpg,40,72,1501,https://i.imgur.com/KBiydHT.jpg,2021-04-11
RMnCpSi,RMnCpSi_raw.jpg,/home/pi/c_drive/test_dl/RMnCpSi/RMnCpSi_raw.jpg,2036,2724,333885,https://i.imgur.com/RMnCpSi.jpg,2021-04-11
RMnCpSi,RMnCpSi_thumbnail.jpg,/home/pi/c_drive/test_dl/RMnCpSi/RMnCpSi_thumbnail.jpg,53,72,1947,https://i.imgur.com/RMnCpSi.jpg,2021-04-11
9dTB1vr,9dTB1vr_raw.jpg,/home/pi/c_drive/test_dl/9dTB1vr/9dTB1vr_raw.jpg,3024,4032,1193278,https://i.imgur.com/9dTB1vr.jpg,2021-04-11
9dTB1vr,9dTB1vr_thumbnail.jpg,/home/pi/c_drive/test_dl/9dTB1vr/9dTB1vr_thumbnail.jpg,54,72,2173,https://i.imgur.com/9dTB1vr.jpg,2021-04-11
PaFFcG2,PaFFcG2_raw.jpg,/home/pi/c_drive/test_dl/PaFFcG2/PaFFcG2_raw.jpg,1639,2048,521448,https://i.imgur.com/PaFFcG2.jpg,2021-04-11
PaFFcG2,PaFFcG2_thumbnail.jpg,/home/pi/c_drive/test_dl/PaFFcG2/PaFFcG2_thumbnail.jpg,57,72,2633,https://i.imgur.com/PaFFcG2.jpg,2021-04-11
UMBhHWE,UMBhHWE_raw.jpg,/home/pi/c_drive/test_dl/UMBhHWE/UMBhHWE_raw.jpg,1536,2048,350829,https://i.imgur.com/UMBhHWE.jpg,2021-04-11
UMBhHWE,UMBhHWE_thumbnail.jpg,/home/pi/c_drive/test_dl/UMBhHWE/UMBhHWE_thumbnail.jpg,54,72,1907,https://i.imgur.com/UMBhHWE.jpg,2021-04-11
2WyIysk,2WyIysk_raw.jpg,/home/pi/c_drive/test_dl/2WyIysk/2WyIysk_raw.jpg,1125,842,75131,https://i.imgur.com/2WyIysk.jpg,2021-04-11
2WyIysk,2WyIysk_thumbnail.jpg,/home/pi/c_drive/test_dl/2WyIysk/2WyIysk_thumbnail.jpg,96,72,2281,https://i.imgur.com/2WyIysk.jpg,2021-04-11
kY4rva9,kY4rva9_raw.jpg,/home/pi/c_drive/test_dl/kY4rva9/kY4rva9_raw.jpg,4160,3120,1581729,https://i.imgur.com/kY4rva9.jpg,2021-04-11
kY4rva9,kY4rva9_thumbnail.jpg,/home/pi/c_drive/test_dl/kY4rva9/kY4rva9_thumbnail.jpg,96,72,2949,https://i.imgur.com/kY4rva9.jpg,2021-04-11
IVczieK,IVczieK_raw.jpg,/home/pi/c_drive/test_dl/IVczieK/IVczieK_raw.jpg,2048,1536,338224,https://i.imgur.com/IVczieK.jpg,2021-04-11
IVczieK,IVczieK_thumbnail.jpg,/home/pi/c_drive/test_dl/IVczieK/IVczieK_thumbnail.jpg,96,72,3108,https://i.imgur.com/IVczieK.jpg,2021-04-11
55iC5Dg,55iC5Dg_raw.jpg,/home/pi/c_drive/test_dl/55iC5Dg/55iC5Dg_raw.jpg,600,600,55886,https://i.imgur.com/55iC5Dg.jpg,2021-04-11
55iC5Dg,55iC5Dg_thumbnail.jpg,/home/pi/c_drive/test_dl/55iC5Dg/55iC5Dg_thumbnail.jpg,72,72,2577,https://i.imgur.com/55iC5Dg.jpg,2021-04-11
d6E0Lxo,d6E0Lxo_raw.jpg,/home/pi/c_drive/test_dl/d6E0Lxo/d6E0Lxo_raw.jpg,3000,4000,1261331,https://i.imgur.com/d6E0Lxo.jpg,2021-04-11
d6E0Lxo,d6E0Lxo_thumbnail.jpg,/home/pi/c_drive/test_dl/d6E0Lxo/d6E0Lxo_thumbnail.jpg,53,72,2063,https://i.imgur.com/d6E0Lxo.jpg,2021-04-11
u6ebr7l,u6ebr7l_raw.jpg,/home/pi/c_drive/test_dl/u6ebr7l/u6ebr7l_raw.jpg,2118,2114,463381,https://i.imgur.com/u6ebr7l.jpg,2021-04-11
u6ebr7l,u6ebr7l_thumbnail.jpg,/home/pi/c_drive/test_dl/u6ebr7l/u6ebr7l_thumbnail.jpg,72,72,2128,https://i.imgur.com/u6ebr7l.jpg,2021-04-11
BjJwcg1,BjJwcg1_raw.jpg,/home/pi/c_drive/test_dl/BjJwcg1/BjJwcg1_raw.jpg,3264,2448,1048476,https://i.imgur.com/BjJwcg1.jpg,2021-04-11
BjJwcg1,BjJwcg1_thumbnail.jpg,/home/pi/c_drive/test_dl/BjJwcg1/BjJwcg1_thumbnail.jpg,96,72,2845,https://i.imgur.com/BjJwcg1.jpg,2021-04-11
KaJbnIV,KaJbnIV_raw.jpg?1,/home/pi/c_drive/test_dl/KaJbnIV/KaJbnIV_raw.jpg?1,1920,2500,345501,https://i.imgur.com/KaJbnIV.jpg?1,2021-04-11
KaJbnIV,KaJbnIV_thumbnail.jpg?1,/home/pi/c_drive/test_dl/KaJbnIV/KaJbnIV_thumbnail.jpg?1,55,72,1704,https://i.imgur.com/KaJbnIV.jpg?1,2021-04-11
csfOmYX,csfOmYX_raw.jpg,/home/pi/c_drive/test_dl/csfOmYX/csfOmYX_raw.jpg,1080,2220,253704,https://i.imgur.com/csfOmYX.jpg,2021-04-11
csfOmYX,csfOmYX_thumbnail.jpg,/home/pi/c_drive/test_dl/csfOmYX/csfOmYX_thumbnail.jpg,35,72,1608,https://i.imgur.com/csfOmYX.jpg,2021-04-11
rYed3kD,rYed3kD_raw.jpg,/home/pi/c_drive/test_dl/rYed3kD/rYed3kD_raw.jpg,1080,1404,102299,https://i.imgur.com/rYed3kD.jpg,2021-04-11
rYed3kD,rYed3kD_thumbnail.jpg,/home/pi/c_drive/test_dl/rYed3kD/rYed3kD_thumbnail.jpg,55,72,1633,https://i.imgur.com/rYed3kD.jpg,2021-04-11
oxWDo8B,oxWDo8B_raw.jpg,/home/pi/c_drive/test_dl/oxWDo8B/oxWDo8B_raw.jpg,3024,4032,1691451,https://i.imgur.com/oxWDo8B.jpg,2021-04-11
oxWDo8B,oxWDo8B_thumbnail.jpg,/home/pi/c_drive/test_dl/oxWDo8B/oxWDo8B_thumbnail.jpg,54,72,2210,https://i.imgur.com/oxWDo8B.jpg,2021-04-11
Ccn6apj,Ccn6apj_raw.jpg,/home/pi/c_drive/test_dl/Ccn6apj/Ccn6apj_raw.jpg,640,480,95201,https://i.imgur.com/Ccn6apj.jpg,2021-04-11
Ccn6apj,Ccn6apj_thumbnail.jpg,/home/pi/c_drive/test_dl/Ccn6apj/Ccn6apj_thumbnail.jpg,96,72,3409,https://i.imgur.com/Ccn6apj.jpg,2021-04-11
ZLuCc25,ZLuCc25_raw.jpg,/home/pi/c_drive/test_dl/ZLuCc25/ZLuCc25_raw.jpg,4000,3000,1227365,https://i.imgur.com/ZLuCc25.jpg,2021-04-11
ZLuCc25,ZLuCc25_thumbnail.jpg,/home/pi/c_drive/test_dl/ZLuCc25/ZLuCc25_thumbnail.jpg,96,72,2328,https://i.imgur.com/ZLuCc25.jpg,2021-04-11
I4Csvvf,I4Csvvf_raw.jpg,/home/pi/c_drive/test_dl/I4Csvvf/I4Csvvf_raw.jpg,1407,2048,410261,https://i.imgur.com/I4Csvvf.jpg,2021-04-11
I4Csvvf,I4Csvvf_thumbnail.jpg,/home/pi/c_drive/test_dl/I4Csvvf/I4Csvvf_thumbnail.jpg,49,72,2260,https://i.imgur.com/I4Csvvf.jpg,2021-04-11
tu1IT2P,tu1IT2P_raw.jpg,/home/pi/c_drive/test_dl/tu1IT2P/tu1IT2P_raw.jpg,3024,4032,1398384,https://i.imgur.com/tu1IT2P.jpg,2021-04-11
tu1IT2P,tu1IT2P_thumbnail.jpg,/home/pi/c_drive/test_dl/tu1IT2P/tu1IT2P_thumbnail.jpg,54,72,2162,https://i.imgur.com/tu1IT2P.jpg,2021-04-11
HOsYS0P,HOsYS0P_raw.jpg,/home/pi/c_drive/test_dl/HOsYS0P/HOsYS0P_raw.jpg,2272,4032,787978,https://i.imgur.com/HOsYS0P.jpg,2021-04-11
HOsYS0P,HOsYS0P_thumbnail.jpg,/home/pi/c_drive/test_dl/HOsYS0P/HOsYS0P_thumbnail.jpg,40,72,1510,https://i.imgur.com/HOsYS0P.jpg,2021-04-11
oPru6pE,oPru6pE_raw.jpg,/home/pi/c_drive/test_dl/oPru6pE/oPru6pE_raw.jpg,1440,1800,636176,https://i.imgur.com/oPru6pE.jpg,2021-04-11
oPru6pE,oPru6pE_thumbnail.jpg,/home/pi/c_drive/test_dl/oPru6pE/oPru6pE_thumbnail.jpg,57,72,2651,https://i.imgur.com/oPru6pE.jpg,2021-04-11
2IlHJ96,2IlHJ96_raw.jpg,/home/pi/c_drive/test_dl/2IlHJ96/2IlHJ96_raw.jpg,2048,1536,324803,https://i.imgur.com/2IlHJ96.jpg,2021-04-11
2IlHJ96,2IlHJ96_thumbnail.jpg,/home/pi/c_drive/test_dl/2IlHJ96/2IlHJ96_thumbnail.jpg,96,72,2855,https://i.imgur.com/2IlHJ96.jpg,2021-04-11
jlkjxRV,jlkjxRV_raw.jpg,/home/pi/c_drive/test_dl/jlkjxRV/jlkjxRV_raw.jpg,2048,1366,229921,https://i.imgur.com/jlkjxRV.jpg,2021-04-11
jlkjxRV,jlkjxRV_thumbnail.jpg,/home/pi/c_drive/test_dl/jlkjxRV/jlkjxRV_thumbnail.jpg,107,72,2801,https://i.imgur.com/jlkjxRV.jpg,2021-04-11
PMhH9E4,PMhH9E4_raw.jpg,/home/pi/c_drive/test_dl/PMhH9E4/PMhH9E4_raw.jpg,5632,4224,1603312,https://i.imgur.com/PMhH9E4.jpg,2021-04-11
PMhH9E4,PMhH9E4_thumbnail.jpg,/home/pi/c_drive/test_dl/PMhH9E4/PMhH9E4_thumbnail.jpg,96,72,2694,https://i.imgur.com/PMhH9E4.jpg,2021-04-11
8zxy3Em,8zxy3Em_raw.jpg,/home/pi/c_drive/test_dl/8zxy3Em/8zxy3Em_raw.jpg,1536,2048,288776,https://i.imgur.com/8zxy3Em.jpg,2021-04-11
8zxy3Em,8zxy3Em_thumbnail.jpg,/home/pi/c_drive/test_dl/8zxy3Em/8zxy3Em_thumbnail.jpg,54,72,1787,https://i.imgur.com/8zxy3Em.jpg,2021-04-11
8kdf6Ds,8kdf6Ds_raw.jpg,/home/pi/c_drive/test_dl/8kdf6Ds/8kdf6Ds_raw.jpg,3024,4032,1341360,https://i.imgur.com/8kdf6Ds.jpg,2021-04-11
8kdf6Ds,8kdf6Ds_thumbnail.jpg,/home/pi/c_drive/test_dl/8kdf6Ds/8kdf6Ds_thumbnail.jpg,54,72,2130,https://i.imgur.com/8kdf6Ds.jpg,2021-04-11
SkxkmHS,SkxkmHS_raw.jpg,/home/pi/c_drive/test_dl/SkxkmHS/SkxkmHS_raw.jpg,6000,8000,3238088,https://i.imgur.com/SkxkmHS.jpg,2021-04-11
SkxkmHS,SkxkmHS_thumbnail.jpg,/home/pi/c_drive/test_dl/SkxkmHS/SkxkmHS_thumbnail.jpg,53,72,1974,https://i.imgur.com/SkxkmHS.jpg,2021-04-11
ojdKZxz,ojdKZxz_raw.jpg,/home/pi/c_drive/test_dl/ojdKZxz/ojdKZxz_raw.jpg,2048,1536,604264,https://i.imgur.com/ojdKZxz.jpg,2021-04-11
ojdKZxz,ojdKZxz_thumbnail.jpg,/home/pi/c_drive/test_dl/ojdKZxz/ojdKZxz_thumbnail.jpg,96,72,3162,https://i.imgur.com/ojdKZxz.jpg,2021-04-11
MxmYEV3,MxmYEV3_raw.jpg,/home/pi/c_drive/test_dl/MxmYEV3/MxmYEV3_raw.jpg,2172,2896,1586174,https://i.imgur.com/MxmYEV3.jpg,2021-04-11
MxmYEV3,MxmYEV3_thumbnail.jpg,/home/pi/c_drive/test_dl/MxmYEV3/MxmYEV3_thumbnail.jpg,54,72,2719,https://i.imgur.com/MxmYEV3.jpg,2021-04-11
KlVsbbn,KlVsbbn_raw.jpg,/home/pi/c_drive/test_dl/KlVsbbn/KlVsbbn_raw.jpg,2048,1536,282497,https://i.imgur.com/KlVsbbn.jpg,2021-04-11
KlVsbbn,KlVsbbn_thumbnail.jpg,/home/pi/c_drive/test_dl/KlVsbbn/KlVsbbn_thumbnail.jpg,96,72,2553,https://i.imgur.com/KlVsbbn.jpg,2021-04-11
75noCNi,75noCNi_raw.jpg,/home/pi/c_drive/test_dl/75noCNi/75noCNi_raw.jpg,640,480,55667,https://i.imgur.com/75noCNi.jpg,2021-04-11
75noCNi,75noCNi_thumbnail.jpg,/home/pi/c_drive/test_dl/75noCNi/75noCNi_thumbnail.jpg,96,72,2359,https://i.imgur.com/75noCNi.jpg,2021-04-11
